/olympics/olympic_sport/olympic_games_contested,/olympics/olympic_sport/athletes./olympics/olympic_athlete_affiliation/olympics,108,0,1
/award/award_category/winners./award/award_honor/honored_for,/award/award_category/nominees./award/award_nomination/nominated_for,9800,0,1
/base/nobelprizes/nobel_prize_winner/nobel_honor./base/nobelprizes/nobel_honor/subject_area,/book/author/school_or_movement,2,0,1
/organization/organization/phone_number./common/phone_number/category,/base/schemastaging/organization_extra/phone_number./base/schemastaging/phone_sandbox/contact_category,24,0,1
/award/award_category/nominees./award/award_nomination/award_nominee,/award/award_category/winners./award/award_honor/award_winner,20720,0,1
/education/educational_institution_campus/educational_institution,/education/educational_institution/campuses,210,0,1
/award/award_category/nominees./award/award_nomination/nominated_for,/award/award_category/winners./award/award_honor/honored_for,10200,0,1
/award/award_category/winners./award/award_honor/award_winner,/award/award_category/nominees./award/award_nomination/award_nominee,23088,0,1
/language/human_language/main_country,/language/human_language/countries_spoken_in,4,0,1
/olympics/olympic_sport/athletes./olympics/olympic_athlete_affiliation/olympics,/olympics/olympic_sport/olympic_games_contested,54,0,1
/sports/sports_team/league./sports/sports_league_participation/league,/soccer/football_team/league./soccer/football_league_participation/league,2,0,1
/base/schemastaging/organization_extra/phone_number./base/schemastaging/phone_sandbox/contact_category,/organization/organization/phone_number./common/phone_number/category,8,0,1
/film/film/release_date_s./film/film_regional_release_date/film_release_distribution_medium,/film/film/distributors./film/film_film_distributor_relationship/film_distribution_medium,8,0,1
/education/educational_institution/campuses,/education/educational_institution_campus/educational_institution,240,0,1
/education/educational_institution/students_graduates./education/education/specialization,/education/educational_institution/students_graduates./education/education/major_field_of_study,2,0,1
/film/actor/film./film/performance/special_performance_type,/film/person_or_entity_appearing_in_film/films./film/personal_film_appearance/type_of_appearance,8,0,1
/base/schemastaging/person_extra/net_worth./measurement_unit/dated_money_value/currency,/user/narphorium/people/wealthy_person/net_worth./measurement_unit/dated_money_value/currency,2,0,1
/royalty/royal_line/kingdom_s_ruled,/people/family/country,2,0,1
/government/governmental_body/sessions,/government/governmental_body/members./government/government_position_held/legislative_sessions,2,0,1
/base/saints/saint/venerated_in,/people/person/religion,2,0,1
/medicine/icd_9_cm_classification/parent_classification,/medicine/icd_9_cm_classification/includes_classifications,2,0,1
/location/country/languages_spoken,/location/country/official_language,6,0,1
/sports/sports_position/players./sports/sports_team_roster/position,/sports/sports_position/players./american_football/football_historical_roster_position/position_s,4,0,1
/film/film_character/portrayed_in_films./film/performance/actor,/tv/special_tv_performance_type/starring_performances./tv/regular_tv_appearance/actor,2,0,1
/medicine/disease/parent_disease,/people/cause_of_death/parent_cause_of_death,2,0,1
/sports/sports_position/players./american_football/football_historical_roster_position/position_s,/sports/sports_position/players./sports/sports_team_roster/position,4,0,1
/education/field_of_study/students_majoring./education/education/major_field_of_study,/education/field_of_study/students_majoring./education/education/minor,2,0,1
/sports/sports_position/players./sports/sports_team_roster/player,/sports/sports_position/players./soccer/football_roster_position/player,2,0,1
/music/genre/parent_genre,/music/genre/subgenre,2,0,1
/olympics/olympic_participating_country/athletes./olympics/olympic_athlete_affiliation/athlete,/olympics/olympic_participating_country/medals_won./olympics/olympic_medal_honor/medalist,12,0,1
/film/film/estimated_budget./measurement_unit/dated_money_value/currency,/film/film/gross_revenue./measurement_unit/dated_money_value/currency,2,0,1
/language/human_language/countries_spoken_in,/language/human_language/main_country,4,0,1
/olympics/olympic_games/athletes./olympics/olympic_athlete_affiliation/athlete,/olympics/olympic_games/medals_awarded./olympics/olympic_medal_honor/medalist,2,0,1
/military/military_person/participated_in_conflicts,/military/military_commander/military_commands./military/military_command/military_conflict,2,0,1
/sports/sports_team/roster./american_football/football_historical_roster_position/position_s,/american_football/football_team/historical_roster./sports/sports_team_roster/position,2,0,1
/computer/programming_language/influenced,/computer/programming_language/influenced_by,2,0,1
/film/film/subjects,/film/film/starring./film/performance/character,2,0,1
/sports/sports_team/roster./baseball/baseball_roster_position/position,/baseball/baseball_team/current_roster./baseball/baseball_roster_position/position,2,0,1
/location/country/official_language,/location/country/languages_spoken,12,0,1
/sports/sport/pro_athletes./sports/pro_sports_played/athlete,/olympics/olympic_sport/athletes./olympics/olympic_athlete_affiliation/athlete,2,0,1
/tv/tv_series_season/series,/tv/tv_series_season/regular_cast./tv/regular_tv_appearance/series,2,0,1
/broadcast/genre/content,/broadcast/radio_format/stations,2,0,1
/medicine/disease_cause/diseases,/medicine/risk_factor/diseases,2,0,1
/ice_hockey/hockey_team/current_roster./sports/sports_team_roster/position,/ice_hockey/hockey_team/current_roster./ice_hockey/hockey_roster_position/position,2,0,1
/organization/organization_founder/organizations_founded,/business/board_member/organization_board_memberships./organization/organization_board_membership/organization,2,0,1
/people/deceased_person/cause_of_death,/medicine/notable_person_with_medical_condition/condition,8,0,1
/food/food/nutrients./food/nutrition_fact/nutrient,/food/dish/ingredients,2,0,1
/olympics/olympic_participating_country/medals_won./olympics/olympic_medal_honor/medalist,/olympics/olympic_participating_country/athletes./olympics/olympic_athlete_affiliation/athlete,6,0,1
/location/statistical_region/gdp_nominal./measurement_unit/dated_money_value/currency,/location/statistical_region/gdp_nominal_per_capita./measurement_unit/dated_money_value/currency,2,0,1
/time/event/instance_of_recurring_event,/film/film_festival_event/festival,2,0,1
/film/film_character/portrayed_in_films_dubbed./film/dubbing_performance/language,/base/schemastaging/tv_character_extra/regular_dubbing_performances./base/schemastaging/tv_star_dubbing_performance/language,2,0,1
/medicine/drug_ingredient/active_moiety_of_drug,/medicine/drug/active_moieties,2,0,1
/soccer/football_team/current_roster./soccer/football_roster_position/player,/sports/sports_team/roster./soccer/football_roster_position/player,2,0,1
/award/award_nominee/award_nominations./award/award_nomination/award,/award/award_winner/awards_won./award/award_honor/award,326,1,0.996941896
/award/award_nominated_work/award_nominations./award/award_nomination/award,/award/award_winning_work/awards_won./award/award_honor/award,168,1,0.99408284
/award/award_winner/awards_won./award/award_honor/award_winner,/award/award_nominee/award_nominations./award/award_nomination/award_nominee,558,9,0.984126984
/media_common/netflix_genre/titles,/film/film_genre/films_in_this_genre,118,5,0.959349593
/music/performance_role/regular_performances./music/group_membership/role,/music/performance_role/track_performances./music/track_contribution/role,90,5,0.947368421
/film/film/country,/film/film/release_date_s./film/film_regional_release_date/film_release_region,98,8,0.924528302
/film/film/production_companies,/film/film/distributors./film/film_film_distributor_relationship/distributor,56,6,0.903225806
/film/film/genre,/media_common/netflix_title/netflix_genres,100,14,0.877192982
/olympics/olympic_games/sports,/user/jg/default_domain/olympic_games/sports,28,4,0.875
/people/person/place_of_birth,/people/person/places_lived./people/place_lived/location,54,9,0.857142857
/sports/sports_league/teams./sports/sports_league_participation/team,/soccer/football_league/teams./soccer/football_league_participation/team,6,1,0.857142857
/sports/sports_position/players./soccer/football_roster_position/team,/sports/sports_position/players./sports/sports_team_roster/team,134,24,0.848101266
/business/job_title/people_with_this_title./business/employment_tenure/company,/organization/role/leaders./organization/leadership/organization,10,2,0.833333333
/music/performance_role/track_performances./music/track_contribution/contributor,/music/instrument/instrumentalists,32,7,0.820512821
/organization/organization/acquired_by./business/acquisition/acquiring_company,/organization/organization/parent./organization/organization_relationship/parent,4,1,0.8
/film/special_film_performance_type/film_performance_type./film/performance/actor,/film/personal_film_appearance_type/film_appearances./film/personal_film_appearance/person,4,1,0.8
/soccer/football_player/current_team./soccer/football_roster_position/team,/soccer/football_player/current_team./sports/sports_team_roster/team,4,1,0.8
/film/film_distributor/films_distributed./film/film_film_distributor_relationship/film,/film/production_company/films,54,14,0.794117647
/education/educational_degree/people_with_this_degree./education/education/specialization,/education/educational_degree/people_with_this_degree./education/education/major_field_of_study,6,2,0.75
/music/artist/track_contributions./music/track_contribution/role,/music/group_member/instruments_played,32,14,0.695652174
/olympics/olympic_participating_country/medals_won./olympics/olympic_medal_honor/olympics,/olympics/olympic_participating_country/athletes./olympics/olympic_athlete_affiliation/olympics,16,7,0.695652174
/olympics/olympic_games/athletes./olympics/olympic_athlete_affiliation/country,/olympics/olympic_games/medals_awarded./olympics/olympic_medal_honor/country,20,9,0.689655172
/american_football/football_team/current_roster./american_football/football_roster_position/position,/sports/sports_team/roster./american_football/football_roster_position/position,2,1,0.666666667
/business/employer/employees./business/employment_tenure/person,/education/educational_institution/students_graduates./education/education/student,6,3,0.666666667
/education/university/domestic_tuition./measurement_unit/dated_money_value/currency,/organization/endowed_organization/endowment./measurement_unit/dated_money_value/currency,6,3,0.666666667
/military/military_conflict/commanders./military/military_command/military_combatant,/military/military_conflict/combatants./military/military_combatant_group/combatants,2,1,0.666666667
/government/political_party/politicians_in_this_party./government/political_party_tenure/politician,/organization/organization/founders,2,1,0.666666667
/american_football/football_team/historical_roster./american_football/football_historical_roster_position/player,/sports/sports_team/roster./sports/sports_team_roster/player,2,1,0.666666667
/influence/influence_node/influenced,/influence/influence_node/influenced_by,4,2,0.666666667
/film/film/sequel,/media_common/adapted_work/adaptations,2,1,0.666666667
/sports/sports_position/players./basketball/basketball_roster_position/team,/basketball/basketball_position/player_roster_position./basketball/basketball_roster_position/team,2,1,0.666666667
/people/cause_of_death/people,/medicine/disease/notable_people_with_this_condition,2,1,0.666666667
/location/location/events,/military/military_combatant/casualties./military/casualties/military_conflict,2,1,0.666666667
/government/government_office_or_title/office_holders./government/government_position_held/appointed_by,/government/government_office_or_title/office_holders./government/government_position_held/office_holder,2,1,0.666666667
/business/business_operation/revenue./measurement_unit/dated_money_value/currency,/business/business_operation/operating_income./measurement_unit/dated_money_value/currency,4,2,0.666666667
/people/person/spouse_s./people/marriage/location_of_ceremony,/base/popstra/celebrity/vacations_in./base/popstra/vacation_choice/location,2,1,0.666666667
/american_football/football_team/current_roster./sports/sports_team_roster/position,/sports/sports_team/roster./american_football/football_roster_position/position,2,1,0.666666667
/film/film_crewmember/films_crewed./film/film_crew_gig/film_crew_role,/people/person/profession,2,1,0.666666667
/business/job_title/people_with_this_title./business/employment_tenure/person,/government/government_office_category/officeholders./government/government_position_held/office_holder,2,1,0.666666667
/base/fight/crime_type/victims_of_this_crime_type,/people/cause_of_death/people,2,1,0.666666667
/base/culturalevent/event/entity_involved,/military/military_conflict/commanders./military/military_command/military_commander,2,1,0.666666667
/people/person/profession,/tv/tv_actor/starring_roles./tv/regular_tv_appearance/character,2,1,0.666666667
/tv/tv_program_creator/programs_created,/tv/tv_writer/tv_programs./tv/tv_program_writer_relationship/tv_program,2,1,0.666666667
/ice_hockey/hockey_team/historical_roster./ice_hockey/hockey_previous_roster_position/player,/sports/sports_team/roster./sports/sports_team_roster/player,2,1,0.666666667
/organization/organization/phone_number./common/phone_number/service_location,/government/government_agency/jurisdiction,2,1,0.666666667
/organization/membership_organization/members./organization/organization_membership/member,/user/ktrueman/default_domain/international_organization/member_states,2,1,0.666666667
/olympics/olympic_athlete/country./olympics/olympic_athlete_affiliation/country,/olympics/olympic_athlete/medals_won./olympics/olympic_medal_honor/country,2,1,0.666666667
/award/award_nominated_work/award_nominations./award/award_nomination/nominated_for,/award/award_winning_work/awards_won./award/award_honor/honored_for,6,4,0.6
/organization/organization/leadership./organization/leadership/role,/business/employer/employees./business/employment_tenure/title,4,3,0.571428571
/education/educational_degree/people_with_this_degree./education/education/major_field_of_study,/education/educational_degree/people_with_this_degree./education/education/minor,4,3,0.571428571
/military/military_combatant/military_conflicts./military/military_combatant_group/combatants,/location/location/adjoin_s./location/adjoining_relationship/adjoins,4,3,0.571428571
/organization/organization/headquarters./location/mailing_address/citytown,/organization/organization/place_founded,8,6,0.571428571
/military/military_combatant/force_deployments./military/force_strength/combatant,/military/military_combatant/military_conflicts./military/military_combatant_group/combatants,4,3,0.571428571
/film/actor/film./film/performance/film,/award/award_nominee/award_nominations./award/award_nomination/nominated_for,116,95,0.549763033
/film/film/starring./film/performance/actor,/award/award_nominated_work/award_nominations./award/award_nomination/award_nominee,100,83,0.546448087
/olympics/olympic_games/medals_awarded./olympics/olympic_medal_honor/country,/olympics/olympic_games/participating_countries,14,12,0.538461538
/olympics/olympic_participating_country/athletes./olympics/olympic_athlete_affiliation/olympics,/olympics/olympic_participating_country/olympics_participated_in,10,10,0.5
/sports/pro_athlete/teams./sports/sports_team_roster/team,/sports/pro_athlete/teams./soccer/football_roster_position/team,2,2,0.5
/soccer/football_team/current_roster./sports/sports_team_roster/position,/soccer/football_team/current_roster./soccer/football_roster_position/position,12,12,0.5
/film/personal_film_appearance_type/film_appearances./film/personal_film_appearance/person,/tv/tv_character/appeared_in_tv_program./tv/regular_tv_appearance/actor,2,2,0.5
/government/government_office_category/officeholders./government/government_position_held/office_holder,/government/government_office_or_title/office_holders./government/government_position_held/office_holder,2,2,0.5
/people/person/education./education/education/institution,/people/person/employment_history./business/employment_tenure/company,2,2,0.5
/people/deceased_person/place_of_death,/people/deceased_person/place_of_burial,2,2,0.5
/government/politician/government_positions_held./government/government_position_held/governmental_body,/people/person/employment_history./business/employment_tenure/company,2,2,0.5
/military/military_combatant/military_conflicts./military/military_combatant_group/conflict,/military/military_combatant/military_commanders./military/military_command/military_conflict,2,2,0.5
/film/film/film_production_design_by,/film/film/costume_design_by,2,2,0.5
/military/military_combatant/force_deployments./military/force_strength/military_conflict,/military/military_combatant/military_conflicts./military/military_combatant_group/conflict,2,2,0.5
/organization/organization/founders,/organization/membership_organization/members./organization/organization_membership/member,2,2,0.5
/base/culturalevent/event/entity_involved,/military/military_conflict/combatants./military/military_combatant_group/combatants,2,2,0.5
/sports/pro_athlete/teams./american_football/football_historical_roster_position/team,/sports/pro_athlete/teams./sports/sports_team_roster/team,2,2,0.5
/organization/organization/phone_number./common/phone_number/service_location,/base/schemastaging/organization_extra/phone_number./base/schemastaging/phone_sandbox/service_location,2,2,0.5
/tv/tv_program/recurring_writers./tv/tv_program_writer_relationship/writer,/tv/tv_program/regular_personal_appearances./tv/tv_regular_personal_appearance/person,2,2,0.5
/music/group_member/instruments_played,/music/group_member/membership./music/group_membership/role,18,21,0.461538462
/music/performance_role/regular_performances./music/group_membership/member,/music/instrument/instrumentalists,12,16,0.428571429
/sports/sports_team/roster./soccer/football_roster_position/position,/soccer/football_team/current_roster./sports/sports_team_roster/position,10,14,0.416666667
/location/us_county/hud_county_place,/location/location/contains,20,29,0.408163265
/base/popstra/celebrity/breakup./base/popstra/breakup/participant,/base/popstra/celebrity/dated./base/popstra/dated/participant,8,12,0.4
/computer/operating_system/parent_os,/influence/influence_node/influenced_by,2,3,0.4
/soccer/football_league/teams./soccer/football_league_participation/team,/sports/sports_award_type/winners./sports/sports_award/award_winner,2,3,0.4
/military/military_combatant/military_conflicts./military/military_combatant_group/conflict,/military/military_combatant/casualties./military/casualties/military_conflict,2,3,0.4
/business/business_operation/net_profit./measurement_unit/dated_money_value/currency,/business/business_operation/operating_income./measurement_unit/dated_money_value/currency,2,3,0.4
/business/business_operation/assets./measurement_unit/dated_money_value/currency,/business/business_operation/operating_income./measurement_unit/dated_money_value/currency,2,3,0.4
/olympics/olympic_games/sports,/olympics/olympic_games/athletes./olympics/olympic_athlete_affiliation/sport,8,14,0.363636364
/soccer/football_team/current_roster./soccer/football_roster_position/position,/sports/sports_team/roster./soccer/football_roster_position/position,8,14,0.363636364
/base/biblioness/bibs_location/state,/location/location/containedby,36,64,0.36
/location/location/containedby,/organization/organization/headquarters./location/mailing_address/state_province_region,34,66,0.34
/film/film/directed_by,/film/film/produced_by,8,16,0.333333333
/film/film_story_contributor/film_story_credits,/film/producer/films_executive_produced,2,4,0.333333333
/soccer/football_player/current_team./soccer/football_roster_position/team,/sports/pro_athlete/teams./sports/sports_team_roster/team,2,4,0.333333333
/sports/sports_position/players./american_football/football_roster_position/team,/sports/sports_position/players./american_football/football_historical_roster_position/team,8,16,0.333333333
/business/employer/employees./business/employment_tenure/title,/military/armed_force/personnel./military/military_service/rank,2,4,0.333333333
/film/film/written_by,/film/film/story_by,4,8,0.333333333
/tv/tv_writer/tv_programs./tv/tv_program_writer_relationship/tv_program,/tv/tv_producer/programs_produced./tv/tv_producer_term/program,2,4,0.333333333
/business/employer/employees./business/employment_tenure/title,/organization/organization/board_members./organization/organization_board_membership/role,2,4,0.333333333
/education/university/local_tuition./measurement_unit/dated_money_value/currency,/organization/endowed_organization/endowment./measurement_unit/dated_money_value/currency,2,4,0.333333333
/education/university/international_tuition./measurement_unit/dated_money_value/currency,/education/university/domestic_tuition./measurement_unit/dated_money_value/currency,2,4,0.333333333
/business/employer/employees./business/employment_tenure/title,/government/governmental_jurisdiction/governing_officials./government/government_position_held/basic_title,2,4,0.333333333
/location/location/adjoin_s./location/adjoining_relationship/adjoins,/military/military_combatant/force_deployments./military/force_strength/combatant,2,4,0.333333333
/celebrities/celebrity/sexual_relationships./celebrities/romantic_relationship/celebrity,/base/popstra/celebrity/dated./base/popstra/dated/participant,6,13,0.315789474
/base/popstra/celebrity/canoodled./base/popstra/canoodled/participant,/base/popstra/celebrity/dated./base/popstra/dated/participant,6,14,0.3
/film/writer/film,/film/director/film,6,15,0.285714286
/sports/sports_team/roster./sports/sports_team_roster/position,/baseball/baseball_team/current_roster./sports/sports_team_roster/position,2,5,0.285714286
/government/governmental_body/members./government/government_position_held/office_holder,/business/employer/employees./business/employment_tenure/person,2,5,0.285714286
/business/employer/employees./business/employment_tenure/person,/organization/organization/board_members./organization/organization_board_membership/member,2,5,0.285714286
/education/university/domestic_tuition./measurement_unit/dated_money_value/currency,/education/university/local_tuition./measurement_unit/dated_money_value/currency,2,5,0.285714286
/government/government_office_category/officeholders./government/government_position_held/jurisdiction_of_office,/business/job_title/people_with_this_title./business/employment_tenure/company,2,5,0.285714286
/music/record_label/artist,/business/employer/employees./business/employment_tenure/person,2,5,0.285714286
/organization/role/leaders./organization/leadership/organization,/organization/role/governors./organization/organization_board_membership/organization,2,5,0.285714286
/base/popstra/celebrity/dated./base/popstra/dated/participant,/base/popstra/celebrity/friendship./base/popstra/friendship/participant,6,16,0.272727273
/award/award_winning_work/awards_won./award/award_honor/award_winner,/award/award_nominated_work/award_nominations./award/award_nomination/award_nominee,38,108,0.260273973
/location/country/administrative_divisions,/base/aareas/schema/administrative_area/administrative_children,2,6,0.25
/military/military_commander/military_commands./military/military_command/military_combatant,/people/person/nationality,2,6,0.25
/tv/tv_program/tv_producer./tv/tv_producer_term/producer,/tv/tv_program/program_creator,2,6,0.25
/location/administrative_division/capital./location/administrative_division_capital_relationship/capital,/base/aareas/schema/administrative_area/capital,2,6,0.25
/location/administrative_division/capital./location/administrative_division_capital_relationship/capital,/location/us_county/county_seat,2,6,0.25
/people/person/spouse_s./people/marriage/spouse,/base/popstra/celebrity/breakup./base/popstra/breakup/participant,2,6,0.25
/location/country/second_level_divisions,/location/location/contains,10,32,0.238095238
/olympics/olympic_participating_country/medals_won./olympics/olympic_medal_honor/olympics,/olympics/olympic_participating_country/olympics_participated_in,4,13,0.235294118
/sports/sports_team/roster./soccer/football_roster_position/position,/sports/sports_team/roster./sports/sports_team_roster/position,4,13,0.235294118
/location/administrative_division/capital./location/administrative_division_capital_relationship/capital,/location/location/contains,10,34,0.227272727
/sports/sports_position/players./american_football/football_historical_roster_position/team,/sports/sports_position/players./sports/sports_team_roster/team,24,83,0.224299065
/film/film/directed_by,/film/film/executive_produced_by,4,14,0.222222222
/celebrities/celebrity/celebrity_friends./celebrities/friendship/friend,/base/popstra/celebrity/friendship./base/popstra/friendship/participant,2,7,0.222222222
/people/person/nationality,/olympics/olympic_athlete/country./olympics/olympic_athlete_affiliation/country,2,7,0.222222222
/celebrities/celebrity/sexual_relationships./celebrities/romantic_relationship/celebrity,/base/popstra/celebrity/canoodled./base/popstra/canoodled/participant,2,7,0.222222222
/award/award_nominated_work/award_nominations./award/award_nomination/nominated_for,/film/film/sequel,2,7,0.222222222
/soccer/football_team/current_roster./sports/sports_team_roster/position,/sports/sports_team/roster./sports/sports_team_roster/position,4,15,0.210526316
/people/person/nationality,/people/person/employment_history./business/employment_tenure/company,2,8,0.2
/film/film/written_by,/film/film/edited_by,2,8,0.2
/location/country/capital,/location/location/contains,8,33,0.195121951
/base/locations/continents/countries_within,/location/location/contains,8,33,0.195121951
/film/producer/film,/film/director/film,4,17,0.19047619
/olympics/olympic_games/athletes./olympics/olympic_athlete_affiliation/country,/olympics/olympic_games/participating_countries,4,17,0.19047619
/film/film/edited_by,/film/film/executive_produced_by,2,9,0.181818182
/base/popstra/celebrity/friendship./base/popstra/friendship/participant,/influence/influence_node/influenced_by,2,9,0.181818182
/award/award_winner/awards_won./award/award_honor/honored_for,/award/award_nominee/award_nominations./award/award_nomination/nominated_for,28,140,0.166666667
/base/biblioness/bibs_location/country,/location/administrative_division/country,2,10,0.166666667
/award/award_winning_work/awards_won./award/award_honor/award_winner,/film/film/starring./film/performance/actor,18,93,0.162162162
/location/location/containedby,/base/biblioness/bibs_location/country,14,76,0.155555556
/film/film/language,/media_common/netflix_title/netflix_genres,10,55,0.153846154
/film/film/story_by,/film/film/executive_produced_by,2,11,0.153846154
/music/musical_group/member./music/group_membership/role,/music/group_member/membership./music/group_membership/role,2,11,0.153846154
/film/actor/film./film/performance/film,/award/award_winner/awards_won./award/award_honor/honored_for,16,91,0.14953271
/award/award_nominee/award_nominations./award/award_nomination/nominated_for,/film/music_contributor/film,22,127,0.147651007
/location/location/contains,/location/country/administrative_divisions,6,35,0.146341463
/base/aareas/schema/administrative_area/administrative_children,/location/location/contains,6,35,0.146341463
/location/location/containedby,/base/aareas/schema/administrative_area/administrative_parent,12,77,0.134831461
/location/location/containedby,/location/hud_county_place/county,12,78,0.133333333
/location/location/containedby,/location/capital_of_administrative_division/capital_of./location/administrative_division_capital_relationship/administrative_division,12,78,0.133333333
/film/film/starring./film/performance/actor,/tv/tv_program/regular_cast./tv/regular_tv_appearance/actor,12,78,0.133333333
/location/capital_of_administrative_division/capital_of./location/administrative_division_capital_relationship/administrative_division,/base/aareas/schema/administrative_area/administrative_parent,2,13,0.133333333
/music/group_member/instruments_played,/music/artist/contribution./music/recording_contribution/performance_role,4,26,0.133333333
/film/director/film,/film/producer/films_executive_produced,2,13,0.133333333
/location/location/containedby,/organization/organization/headquarters./location/mailing_address/citytown,12,80,0.130434783
/music/artist/track_contributions./music/track_contribution/role,/music/group_member/membership./music/group_membership/role,4,27,0.129032258
/tv/tv_program/regular_cast./tv/regular_tv_appearance/actor,/award/award_nominated_work/award_nominations./award/award_nomination/award_nominee,16,109,0.128
/film/film/starring./film/performance/actor,/film/film/personal_appearances./film/personal_film_appearance/person,10,69,0.126582278
/film/producer/films_executive_produced,/film/producer/film,2,14,0.125
/location/capital_of_administrative_division/capital_of./location/administrative_division_capital_relationship/administrative_division,/location/hud_county_place/county,2,14,0.125
/celebrities/celebrity/celebrity_friends./celebrities/friendship/friend,/base/popstra/celebrity/dated./base/popstra/dated/participant,2,15,0.117647059
/film/film/story_by,/film/film/directed_by,2,15,0.117647059
/sports/sports_team/roster./sports/sports_team_roster/position,/soccer/football_team/current_roster./soccer/football_roster_position/position,2,15,0.117647059
/music/performance_role/guest_performances./music/recording_contribution/performance_role,/music/performance_role/track_performances./music/track_contribution/role,6,47,0.113207547
/people/deceased_person/place_of_death,/people/person/places_lived./people/place_lived/location,4,32,0.111111111
/base/popstra/celebrity/dated./base/popstra/dated/participant,/people/person/spouse_s./people/marriage/spouse,2,16,0.111111111
/music/performance_role/guest_performances./music/recording_contribution/contributor,/music/performance_role/track_performances./music/track_contribution/contributor,2,16,0.111111111
/people/person/place_of_birth,/people/person/nationality,4,33,0.108108108
/film/film/genre,/tv/tv_program/genre,6,51,0.105263158
/film/film/written_by,/film/film/produced_by,2,17,0.105263158
/film/film/story_by,/film/film/produced_by,2,17,0.105263158
/base/schemastaging/organization_extra/phone_number./base/schemastaging/phone_sandbox/service_location,/organization/organization/headquarters./location/mailing_address/state_province_region,2,18,0.1
/people/person/places_lived./people/place_lived/location,/people/person/nationality,4,36,0.1
/location/us_county/hud_county_place,/location/hud_county_place/county,2,18,0.1
/film/producer/film,/award/award_winner/awards_won./award/award_honor/honored_for,4,39,0.093023256
/film/writer/film,/award/award_winner/awards_won./award/award_honor/honored_for,4,39,0.093023256
/film/film_subject/films,/media_common/netflix_genre/titles,6,60,0.090909091
/music/artist/contribution./music/recording_contribution/performance_role,/music/artist/track_contributions./music/track_contribution/role,2,20,0.090909091
/tv/tv_program/tv_producer./tv/tv_producer_term/producer,/award/award_winning_work/awards_won./award/award_honor/award_winner,4,40,0.090909091
/award/award_winner/awards_won./award/award_honor/honored_for,/film/music_contributor/film,4,41,0.088888889
/award/award_nominee/award_nominations./award/award_nomination/nominated_for,/film/film_crewmember/films_crewed./film/film_crew_gig/film,12,130,0.084507042
/sports/sports_position/players./ice_hockey/hockey_roster_position/team,/sports/sports_position/players./sports/sports_team_roster/team,8,87,0.084210526
/film/film/directed_by,/award/award_winning_work/awards_won./award/award_honor/award_winner,4,44,0.083333333
/film/film_distributor/films_distributed./film/film_film_distributor_relationship/film,/award/award_nominee/award_nominations./award/award_nomination/nominated_for,14,156,0.082352941
/award/award_nominated_work/award_nominations./award/award_nomination/award_nominee,/film/film/produced_by,10,112,0.081967213
/award/award_nominee/award_nominations./award/award_nomination/nominated_for,/film/writer/film,12,135,0.081632653
/sports/sports_position/players./sports/sports_team_roster/team,/sports/sports_position/players./american_football/football_roster_position/team,8,91,0.080808081
/tv/tv_program/regular_cast./tv/regular_tv_appearance/actor,/award/award_winning_work/awards_won./award/award_honor/award_winner,4,49,0.075471698
/film/film/distributors./film/film_film_distributor_relationship/region,/film/film/release_date_s./film/film_regional_release_date/film_release_region,4,51,0.072727273
/tv/tv_actor/starring_roles./tv/regular_tv_appearance/series,/film/actor/film./film/performance/film,6,77,0.072289157
/location/location/containedby,/location/administrative_division/second_level_division_of,6,79,0.070588235
/award/award_nominee/award_nominations./award/award_nomination/nominated_for,/film/production_company/films,12,158,0.070588235
/location/administrative_division/country,/location/location/containedby,6,80,0.069767442
/award/award_nominated_work/award_nominations./award/award_nomination/award_nominee,/tv/tv_program/tv_producer./tv/tv_producer_term/producer,8,108,0.068965517
/sports/sports_position/players./baseball/baseball_roster_position/team,/sports/sports_position/players./sports/sports_team_roster/team,6,88,0.063829787
/people/person/place_of_birth,/music/artist/origin,2,30,0.0625
/award/award_winner/awards_won./award/award_honor/honored_for,/tv/tv_network/programs./tv/tv_network_duration/program,2,31,0.060606061
/award/award_nominee/award_nominations./award/award_nomination/nominated_for,/film/editor/film,8,132,0.057142857
/people/person/places_lived./people/place_lived/location,/base/popstra/celebrity/vacations_in./base/popstra/vacation_choice/location,2,33,0.057142857
/music/artist/origin,/people/person/places_lived./people/place_lived/location,2,33,0.057142857
/award/award_nominee/award_nominations./award/award_nomination/nominated_for,/film/film_costumer_designer/costume_design_for_film,8,133,0.056737589
/award/award_nominee/award_nominations./award/award_nomination/nominated_for,/tv/tv_actor/starring_roles./tv/regular_tv_appearance/series,8,136,0.055555556
/award/award_nominee/award_nominations./award/award_nomination/nominated_for,/film/producer/film,8,139,0.054421769
/film/film_costumer_designer/costume_design_for_film,/award/award_winner/awards_won./award/award_honor/honored_for,2,35,0.054054054
/award/award_nominated_work/award_nominations./award/award_nomination/award_nominee,/film/film/music,6,107,0.053097345
/location/location/contains,/organization/organization/child./organization/organization_relationship/child,2,36,0.052631579
/travel/travel_destination/tourist_attractions,/location/location/contains,2,36,0.052631579
/location/location/contains,/location/country/first_level_divisions,2,36,0.052631579
/film/film/executive_produced_by,/award/award_nominated_work/award_nominations./award/award_nomination/award_nominee,6,110,0.051724138
/tv/tv_program/original_network./tv/tv_network_duration/network,/award/award_winning_work/awards_won./award/award_honor/award_winner,2,37,0.051282051
/film/actor/film./film/performance/film,/film/producer/films_executive_produced,4,76,0.05
/award/award_winner/awards_won./award/award_honor/honored_for,/tv/tv_actor/starring_roles./tv/regular_tv_appearance/series,2,38,0.05
/film/film/music,/award/award_winning_work/awards_won./award/award_honor/award_winner,2,39,0.048780488
/organization/organization/headquarters./location/mailing_address/country,/location/location/containedby,4,80,0.047619048
/location/location/containedby,/base/locations/countries/continent,4,80,0.047619048
/location/administrative_division/first_level_division_of,/location/location/containedby,4,80,0.047619048
/location/location/containedby,/location/neighborhood/neighborhood_of,4,80,0.047619048
/award/award_winner/awards_won./award/award_honor/honored_for,/film/director/film,2,40,0.047619048
/film/actor/film./film/performance/film,/film/producer/film,4,82,0.046511628
/award/award_winning_work/awards_won./award/award_honor/award_winner,/film/film/written_by,2,41,0.046511628
/film/film/starring./film/performance/actor,/film/film/produced_by,4,83,0.045977011
/award/award_nominee/award_nominations./award/award_nomination/nominated_for,/film/cinematographer/film,6,133,0.043165468
/film/film_set_designer/film_sets_designed,/award/award_nominee/award_nominations./award/award_nomination/nominated_for,6,133,0.043165468
/tv/tv_producer/programs_produced./tv/tv_producer_term/program,/award/award_nominee/award_nominations./award/award_nomination/nominated_for,6,134,0.042857143
/award/award_nominated_work/award_nominations./award/award_nomination/award_nominee,/film/film/production_companies,6,135,0.042553191
/music/performance_role/track_performances./music/track_contribution/role,/music/instrument/family,2,48,0.04
/music/performance_role/guest_performances./music/recording_contribution/performance_role,/music/performance_role/regular_performances./music/group_membership/role,2,48,0.04
/film/film/country,/tv/tv_program/country_of_origin,2,52,0.037037037
/film/film/release_date_s./film/film_regional_release_date/film_release_region,/film/film/runtime./film/film_cut/film_release_region,2,53,0.036363636
/film/film/runtime./film/film_cut/film_release_region,/film/film/country,2,53,0.036363636
/base/parody/parody/parody_of,/film/film/genre,2,53,0.036363636
/award/award_nominated_work/award_nominations./award/award_nomination/award_nominee,/film/film/film_set_decoration_by,4,107,0.036036036
/film/film/other_crew./film/film_crew_gig/crewmember,/award/award_nominated_work/award_nominations./award/award_nomination/award_nominee,4,107,0.036036036
/award/award_nominated_work/award_nominations./award/award_nomination/award_nominee,/tv/tv_program/recurring_writers./tv/tv_program_writer_relationship/writer,4,108,0.035714286
/media_common/netflix_title/netflix_genres,/film/film/country,4,109,0.03539823
/award/award_nominated_work/award_nominations./award/award_nomination/award_nominee,/film/film/edited_by,4,109,0.03539823
/film/film_genre/films_in_this_genre,/tv/tv_genre/programs,2,59,0.032786885
/film/film/story_by,/media_common/netflix_title/netflix_genres,2,64,0.03030303
/award/award_nominated_work/award_nominations./award/award_nomination/award_nominee,/film/film/distributors./film/film_film_distributor_relationship/distributor,4,135,0.028776978
/award/award_nominee/award_nominations./award/award_nomination/nominated_for,/film/director/film,4,142,0.02739726
/film/film/starring./film/performance/actor,/film/film/film_production_design_by,2,75,0.025974026
/film/actor/film./film/performance/film,/film/film_production_designer/films_production_designed,2,75,0.025974026
/film/film/starring./film/performance/actor,/film/film/directed_by,2,83,0.023529412
/location/location/containedby,/organization/organization/parent./organization/organization_relationship/parent,2,83,0.023529412
/film/actor/film./film/performance/film,/film/director/film,2,83,0.023529412
/film/film/production_companies,/media_common/netflix_title/netflix_genres,2,90,0.02173913
/sports/sports_position/players./basketball/basketball_roster_position/team,/sports/sports_position/players./sports/sports_team_roster/team,2,91,0.021505376
/location/location/containedby,/location/us_county/hud_county_place,2,92,0.021276596
/film/production_company/films,/media_common/netflix_genre/titles,2,95,0.020618557
/award/award_winner/awards_won./award/award_honor/award_winner,/award/award_nominated_work/award_nominations./award/award_nomination/nominated_for,6,286,0.020547945
/tv/tv_program/original_network./tv/tv_network_duration/network,/award/award_nominated_work/award_nominations./award/award_nomination/award_nominee,2,109,0.018018018
/award/award_nominated_work/award_nominations./award/award_nomination/award_nominee,/film/film/film_production_design_by,2,110,0.017857143
/media_common/netflix_title/netflix_genres,/film/film/release_date_s./film/film_regional_release_date/film_release_region,2,111,0.017699115
/film/film/written_by,/award/award_nominated_work/award_nominations./award/award_nomination/award_nominee,2,113,0.017391304
/film/film/directed_by,/award/award_nominated_work/award_nominations./award/award_nomination/award_nominee,2,118,0.016666667
/award/award_nominee/award_nominations./award/award_nomination/nominated_for,/film/film_production_designer/films_production_designed,2,136,0.014492754
/award/award_winning_work/awards_won./award/award_honor/award,/award/award_nominee/award_nominations./award/award_nomination/award,2,247,0.008032129
/people/person/parents,/award/award_nominee/award_nominations./award/award_nomination/award_nominee,2,281,0.007067138
/broadcast/content/producer,/award/award_winner/awards_won./award/award_honor/award_winner,2,284,0.006993007
/award/award_nominee/award_nominations./award/award_nomination/award_nominee,/base/popstra/celebrity/canoodled./base/popstra/canoodled/participant,2,285,0.006968641
/people/person/spouse_s./people/marriage/spouse,/award/award_winner/awards_won./award/award_honor/award_winner,2,286,0.006944444
/base/popstra/celebrity/friendship./base/popstra/friendship/participant,/award/award_nominee/award_nominations./award/award_nomination/award_nominee,2,287,0.006920415
/base/popstra/celebrity/friendship./base/popstra/friendship/participant,/award/award_winner/awards_won./award/award_honor/award_winner,2,290,0.006849315
